,LOC,GEO,ID,id,Sp,SpNr,X,Y,Stems,DBH,height,MeanSal,SE.sal,mean.pH,mean.T
1,1,IB,2,2,R,3,1.63,26.17,1,7.8,10.16,39.702,1.595384969,6.881,24.862
2,1,IB,3,3,A,1,1.62,27.26,1,28.7,20.64,39.702,1.595384969,6.881,24.862
3,1,IB,4,4,A,1,6.77,27.02,1,10.3,6.1,39.702,1.595384969,6.881,24.862
4,1,IB,5,5,A,1,9.58,29.03,1,13.7,10.02,39.702,1.595384969,6.881,24.862
5,1,IB,6,6,R,3,10.63,28.14,1,7.8,10,39.702,1.595384969,6.881,24.862
6,1,IB,7,7,R,3,14.39,29.5,1,4.3,5.58,39.702,1.595384969,6.881,24.862
7,1,IB,8,8,R,3,21.84,27.27,1,5,7.56,39.702,1.595384969,6.881,24.862
8,1,IB,9,9,A,1,25.69,26.22,1,27.7,15,39.702,1.595384969,6.881,24.862
9,1,IB,10,10,R,3,27.42,27.41,1,4.9,7.26,39.702,1.595384969,6.881,24.862
10,1,IB,11,11,R,3,28.63,30,1,2.3,2,39.702,1.595384969,6.881,24.862
11,1,IB,12,12,A,1,29.12,28.6,1,22.5,9.46,39.702,1.595384969,6.881,24.862
12,1,IB,13,13,R,3,27.33,15.09,1,8.5,11.05,39.702,1.595384969,6.881,24.862
13,1,IB,14,14,R,3,24.87,9.85,1,8.7,8.94,39.702,1.595384969,6.881,24.862
14,1,IB,15,15,A,1,25.02,3.74,1,33,12.45,39.702,1.595384969,6.881,24.862
15,1,IB,16,16,A,1,25.13,1.64,1,32,11.94,39.702,1.595384969,6.881,24.862
16,1,IB,17,17,R,3,26.58,0.81,1,8.4,10.1,39.702,1.595384969,6.881,24.862
17,1,IB,18,18,A,1,11.67,2.88,1,10.6,8.42,39.702,1.595384969,6.881,24.862
18,1,IB,20,20,A,1,8.42,0.83,1,27.6,17.03,39.702,1.595384969,6.881,24.862
19,1,IB,21,21,R,3,3.69,1.3,1,2,2,39.702,1.595384969,6.881,24.862
20,1,IB,23,23,R,3,1.75,1.52,1,2,2,39.702,1.595384969,6.881,24.862
21,1,IB,24,24,R,3,2.77,4.96,1,1.5,3,39.702,1.595384969,6.881,24.862
22,1,IB,25,25,L,2,5.02,4.98,1,3.2,3.38,39.702,1.595384969,6.881,24.862
23,1,IB,26,26,A,1,5.05,9.18,1,33.7,9.94,39.702,1.595384969,6.881,24.862
24,1,IB,27,27,A,1,2.91,13.67,1,37,9.68,39.702,1.595384969,6.881,24.862
25,1,IB,28,28,R,3,3.99,15.97,1,6.4,8.4,39.702,1.595384969,6.881,24.862
26,1,IB,29,29,R,3,3.93,18.94,1,7.04,6.27,39.702,1.595384969,6.881,24.862
27,1,IB,30,30,R,3,1.72,33.13,1,10.52,9.26,39.702,1.595384969,6.881,24.862
28,1,IB,31,31,A,1,2.27,23.89,1,39.7,20.44,39.702,1.595384969,6.881,24.862
29,1,IB,32,32,A,1,5.24,21.95,1,21.7,13.5,39.702,1.595384969,6.881,24.862
30,1,IB,33,33,R,3,8.59,20.85,1,3,5.42,39.702,1.595384969,6.881,24.862
31,1,IB,34,34,R,3,10.08,21.78,1,9,9.68,39.702,1.595384969,6.881,24.862
32,1,IB,35,35,R,3,12.25,22.69,1,2,1.8,39.702,1.595384969,6.881,24.862
33,1,IB,36,36,A,1,14.38,22.08,1,37,17.53,39.702,1.595384969,6.881,24.862
34,1,IB,37,37,A,1,16.29,24.54,1,50,22.13,39.702,1.595384969,6.881,24.862
35,1,IB,38,38,R,3,17.22,22.94,1,4.5,6.1,39.702,1.595384969,6.881,24.862
36,1,IB,39,39,A,1,19.44,23.06,1,24,17.08,39.702,1.595384969,6.881,24.862
37,1,IB,40,40,A,1,20.66,22.78,2,48,16.31,39.702,1.595384969,6.881,24.862
38,1,IB,41,41,R,3,22.24,15.49,1,17.5,10.53,39.702,1.595384969,6.881,24.862
39,1,IB,42,42,R,3,22.81,13.03,1,7.9,11.3,39.702,1.595384969,6.881,24.862
40,1,IB,43,43,A,1,22.37,10.64,1,23.5,9.77,39.702,1.595384969,6.881,24.862
41,1,IB,44,44,A,1,17.63,8.7,1,36.45,13.28,39.702,1.595384969,6.881,24.862
42,1,IB,45,45,R,3,14.34,7.74,1,8.1,10.18,39.702,1.595384969,6.881,24.862
43,1,IB,46,46,R,3,13.11,6,1,13.1,9.69,39.702,1.595384969,6.881,24.862
44,1,IB,47,47,R,3,9.58,12.3,1,7,7.75,39.702,1.595384969,6.881,24.862
45,1,IB,48,48,A,1,6.99,14.62,1,39,18.32,39.702,1.595384969,6.881,24.862
46,1,IB,49,49,A,1,9.23,14.51,1,26,16.53,39.702,1.595384969,6.881,24.862
47,1,IB,50,50,A,1,9.97,14.31,1,40.5,19.2,39.702,1.595384969,6.881,24.862
48,1,IB,51,51,A,1,10.53,12.5,1,36.4,17.62,39.702,1.595384969,6.881,24.862
49,1,IB,52,52,A,1,10.88,17.92,1,2,1.7,39.702,1.595384969,6.881,24.862
50,1,IB,53,53,A,1,14.28,17.99,2,88.6,8.5,39.702,1.595384969,6.881,24.862
51,1,IB,54,54,R,3,17.55,17.9,1,16.5,14.2,39.702,1.595384969,6.881,24.862
52,1,IB,55,55,A,1,15.63,15.03,1,7.7,12.96,39.702,1.595384969,6.881,24.862
53,1,IB,56,56,R,3,15.22,11.97,1,6,9,39.702,1.595384969,6.881,24.862
54,1,IB,57,57,A,1,13.43,14.18,1,19.4,12.33,39.702,1.595384969,6.881,24.862
55,2,IB,1,1,R,3,31.3,4.8,1,3,4.2,45.348,1.555194907,6.805,25.24
56,2,IB,3,3,R,3,26.4,1.4,1,9,8.2,45.348,1.555194907,6.805,25.24
57,2,IB,4,4,R,3,28.8,6.4,1,9,9.7,45.348,1.555194907,6.805,25.24
58,2,IB,5,5,A,1,25.6,7,1,3,3.4,45.348,1.555194907,6.805,25.24
59,2,IB,6,6,A,1,23.3,7.2,1,2.5,2.35,45.348,1.555194907,6.805,25.24
60,2,IB,7,7,A,1,21.3,5.4,1,53,19.1,45.348,1.555194907,6.805,25.24
61,2,IB,9,9,A,1,16.7,4.1,1,35,14.6,45.348,1.555194907,6.805,25.24
62,2,IB,10,10,A,1,22.3,11.7,1,34,25.4,45.348,1.555194907,6.805,25.24
63,2,IB,11,11,A,1,24.1,11.3,1,34,19.6,45.348,1.555194907,6.805,25.24
64,2,IB,12,12,A,1,0.8,8.4,1,1.7,2.4,45.348,1.555194907,6.805,25.24
65,2,IB,13,13,A,1,21.4,14.2,1,30.8,23.3,45.348,1.555194907,6.805,25.24
66,2,IB,14,14,A,1,20.6,15.8,1,37.5,17.8,45.348,1.555194907,6.805,25.24
67,2,IB,15,15,A,1,23.5,15.7,1,27,11.6,45.348,1.555194907,6.805,25.24
68,2,IB,16,16,A,1,24.1,14.8,1,35.7,20.2,45.348,1.555194907,6.805,25.24
69,2,IB,17,17,A,1,29.2,10.4,1,29.4,16.5,45.348,1.555194907,6.805,25.24
70,2,IB,18,18,A,1,28.9,13.8,1,15.85,10.4,45.348,1.555194907,6.805,25.24
71,2,IB,19,19,R,3,10.6,7,1,8,9,45.348,1.555194907,6.805,25.24
72,2,IB,21,21,R,3,8.9,1.2,1,6.2,9,45.348,1.555194907,6.805,25.24
73,2,IB,22,22,A,1,7.5,0.3,1,10.3,7.5,45.348,1.555194907,6.805,25.24
74,2,IB,23,23,A,1,6.5,7.4,1,57.7,19.7,45.348,1.555194907,6.805,25.24
75,2,IB,24,24,R,3,5.6,2.9,1,2.5,4.6,45.348,1.555194907,6.805,25.24
76,2,IB,25,25,R,3,6.4,0.7,1,4.2,6.1,45.348,1.555194907,6.805,25.24
77,2,IB,26,26,A,1,3,1.2,1,31.8,15.2,45.348,1.555194907,6.805,25.24
78,2,IB,27,27,A,1,2.2,6.7,2,73.3,17.2,45.348,1.555194907,6.805,25.24
79,2,IB,28,28,A,1,9.6,12.2,1,32,23.5,45.348,1.555194907,6.805,25.24
80,2,IB,29,29,A,1,6.7,11.5,1,32,18.3,45.348,1.555194907,6.805,25.24
81,2,IB,30,30,A,1,8.7,16.5,2,69.4,22.2,45.348,1.555194907,6.805,25.24
82,2,IB,61,61,R,3,0.7,22.6,1,9.7,10.7,45.348,1.555194907,6.805,25.24
83,2,IB,62,62,R,3,1.2,24.3,1,12.8,13,45.348,1.555194907,6.805,25.24
84,2,IB,69,69,R,3,6.9,21.1,1,16.7,12.5,45.348,1.555194907,6.805,25.24
85,2,IB,71,71,R,3,10.1,27.8,1,3.95,5.8,45.348,1.555194907,6.805,25.24
86,2,IB,72,72,R,3,14.1,19.3,1,7.1,7.6,45.348,1.555194907,6.805,25.24
87,2,IB,76,76,R,3,13.5,19.6,1,10.3,7.3,45.348,1.555194907,6.805,25.24
88,2,IB,78,78,A,1,17.4,21.2,1,39,19.2,45.348,1.555194907,6.805,25.24
89,2,IB,79,79,A,1,18.1,26.7,1,38,20.5,45.348,1.555194907,6.805,25.24
90,2,IB,80,80,R,3,21.2,28.9,1,7,10.2,45.348,1.555194907,6.805,25.24
91,2,IB,81,81,R,3,22.6,23.5,1,2,2.9,45.348,1.555194907,6.805,25.24
92,2,IB,82,82,A,1,23.9,28.3,1,5.5,5.4,45.348,1.555194907,6.805,25.24
93,2,IB,84,84,R,3,26.6,28.9,1,9.3,5.8,45.348,1.555194907,6.805,25.24
94,2,IB,85,85,A,1,26.9,27.3,1,3,2.88,45.348,1.555194907,6.805,25.24
95,2,IB,86,86,R,3,24.9,22.7,1,3,4.9,45.348,1.555194907,6.805,25.24
96,2,IB,87,87,A,1,27.5,24.1,1,28,13.7,45.348,1.555194907,6.805,25.24
97,2,IB,88,88,A,1,27.2,22.9,1,27,15.5,45.348,1.555194907,6.805,25.24
98,2,IB,89,89,R,3,29.5,28.5,1,1.5,1.75,45.348,1.555194907,6.805,25.24
99,2,IB,92,92,A,1,29.1,23.2,1,7,6.5,45.348,1.555194907,6.805,25.24
100,2,IB,94,94,A,1,29.6,17.6,1,5,5,45.348,1.555194907,6.805,25.24
101,2,IB,79 R,95,R,3,20.6,28.8,1,7,9.3,45.348,1.555194907,6.805,25.24
102,3,IB,1,1,A,1,29.4,25.1,1,33.9,14.6,41.601,1.26882418,6.901,25.53
103,3,IB,2,2,R,3,28.7,25,1,12.65,11.4,41.601,1.26882418,6.901,25.53
104,3,IB,3,3,A,1,25.2,24.2,1,33.8,11.6,41.601,1.26882418,6.901,25.53
105,3,IB,4,4,R,3,25.2,23.6,1,7.4,7,41.601,1.26882418,6.901,25.53
106,3,IB,7,7,A,1,26.9,22.4,1,18.065,12.4,41.601,1.26882418,6.901,25.53
107,3,IB,8,8,A,1,26.1,21.7,1,2.3,3.4,41.601,1.26882418,6.901,25.53
108,3,IB,10,10,A,1,26.1,19.3,1,6.5,5.9,41.601,1.26882418,6.901,25.53
109,3,IB,12,12,A,1,28.2,17.1,1,3.5,2,41.601,1.26882418,6.901,25.53
110,3,IB,13,13,R,3,27.4,16.5,1,5.5,7.2,41.601,1.26882418,6.901,25.53
111,3,IB,14,14,A,1,30.1,15,1,33.1,24,41.601,1.26882418,6.901,25.53
112,3,IB,15,15,A,1,29.6,12.7,1,2.2,3.7,41.601,1.26882418,6.901,25.53
113,3,IB,17,17,A,1,28.6,10.8,1,5.1,7,41.601,1.26882418,6.901,25.53
114,3,IB,18,18,A,1,29.6,9.7,1,1.8,2.1,41.601,1.26882418,6.901,25.53
115,3,IB,19,19,A,1,28.1,7.4,1,3.3,3.5,41.601,1.26882418,6.901,25.53
116,3,IB,22,22,A,1,27.2,3.6,1,32.5,18.9,41.601,1.26882418,6.901,25.53
117,3,IB,23,23,A,1,26.8,1.4,1,36.5,22.5,41.601,1.26882418,6.901,25.53
118,3,IB,24,24,R,3,27.1,0.1,1,4.6,5.9,41.601,1.26882418,6.901,25.53
119,3,IB,26,26,R,3,21,3.1,1,18,10.5,41.601,1.26882418,6.901,25.53
120,3,IB,27,27,R,3,17.5,2.2,1,12.2,11.4,41.601,1.26882418,6.901,25.53
121,3,IB,28,28,R,3,16.2,3.5,1,4.5,5.8,41.601,1.26882418,6.901,25.53
122,3,IB,29,29,A,1,12.2,3,1,3.6,4.1,41.601,1.26882418,6.901,25.53
123,3,IB,30,30,R,3,11.6,1.5,1,3,6.6,41.601,1.26882418,6.901,25.53
124,3,IB,31,31,R,3,9.8,2.6,1,3.3,4.9,41.601,1.26882418,6.901,25.53
125,3,IB,37,37,R,3,3.1,8.7,1,8.6,10.8,41.601,1.26882418,6.901,25.53
126,3,IB,38,38,A,1,0.3,9.1,1,6.4,8.8,41.601,1.26882418,6.901,25.53
127,3,IB,40,40,A,1,1.6,10.6,1,3.4,2.4,41.601,1.26882418,6.901,25.53
128,3,IB,42,42,A,1,3.6,10.8,1,39,15.4,41.601,1.26882418,6.901,25.53
129,3,IB,41,41,A,1,3.6,10,1,35,15,41.601,1.26882418,6.901,25.53
130,3,IB,43,43,R,3,3.5,12.1,1,9,9.9,41.601,1.26882418,6.901,25.53
131,3,IB,44,44,A,1,2.3,13.9,1,7,7,41.601,1.26882418,6.901,25.53
132,3,IB,45,45,A,1,0.9,15.5,1,3.8,3.9,41.601,1.26882418,6.901,25.53
133,3,IB,46,46,A,1,1.9,15.9,1,2.8,3.5,41.601,1.26882418,6.901,25.53
134,3,IB,47,47,A,1,3.4,17.1,1,5.65,5.5,41.601,1.26882418,6.901,25.53
135,3,IB,48,48,A,1,1.7,17.6,1,2,2.35,41.601,1.26882418,6.901,25.53
136,3,IB,49,49,A,1,0.3,20.4,1,10.8,10,41.601,1.26882418,6.901,25.53
137,3,IB,50,50,R,3,1.2,25.4,3,32.9,11.4,41.601,1.26882418,6.901,25.53
138,3,IB,51,51,A,1,5.2,28.5,1,42.4,17.4,41.601,1.26882418,6.901,25.53
139,3,IB,53,53,A,1,12.2,27,1,31.5,9.6,41.601,1.26882418,6.901,25.53
140,3,IB,55,55,R,3,14.5,28.8,1,5,9.2,41.601,1.26882418,6.901,25.53
141,3,IB,56,56,R,3,16.8,29.3,1,6,8.5,41.601,1.26882418,6.901,25.53
142,3,IB,57,57,R,3,20.4,26,1,18.8,13.4,41.601,1.26882418,6.901,25.53
143,3,IB,58,58,A,1,23.4,27.9,2,74.5,18,41.601,1.26882418,6.901,25.53
144,3,IB,59,59,A,1,21.5,21.5,1,39.5,21.4,41.601,1.26882418,6.901,25.53
145,3,IB,60,60,R,3,20.4,22.2,1,13.2,11.8,41.601,1.26882418,6.901,25.53
146,3,IB,61,61,R,3,20.8,20.2,1,12.5,10.5,41.601,1.26882418,6.901,25.53
147,3,IB,62,62,A,1,23.3,17.4,1,28.95,18,41.601,1.26882418,6.901,25.53
148,3,IB,63,63,R,3,24.5,16.8,1,6.2,7.2,41.601,1.26882418,6.901,25.53
149,3,IB,64,64,R,3,25.2,14.1,1,9.4,13.6,41.601,1.26882418,6.901,25.53
150,3,IB,65,65,A,1,25.4,12.8,1,2,2.5,41.601,1.26882418,6.901,25.53
151,3,IB,67,67,A,1,25.1,11.7,1,4.3,4.3,41.601,1.26882418,6.901,25.53
152,3,IB,68,68,A,1,24,11.7,1,20.65,12.5,41.601,1.26882418,6.901,25.53
153,3,IB,70,70,A,1,26,7,1,43.4,25.9,41.601,1.26882418,6.901,25.53
154,3,IB,71,71,A,1,25.1,6.8,1,47.65,20.7,41.601,1.26882418,6.901,25.53
155,3,IB,74,74,A,1,22.1,8.4,1,5.5,6.6,41.601,1.26882418,6.901,25.53
156,3,IB,77,77,R,3,14.4,6.7,1,9,10.2,41.601,1.26882418,6.901,25.53
157,3,IB,78,78,A,1,12.2,7.3,1,46.4,15.4,41.601,1.26882418,6.901,25.53
158,3,IB,79,79,R,3,11.6,5.2,1,13.2,11,41.601,1.26882418,6.901,25.53
159,3,IB,80,80,A,1,8.3,6.1,1,13,11.6,41.601,1.26882418,6.901,25.53
160,3,IB,81,81,R,3,5.6,5.6,1,9.5,13.1,41.601,1.26882418,6.901,25.53
161,3,IB,84,84,R,3,8.3,10.8,1,12.1,10,41.601,1.26882418,6.901,25.53
162,3,IB,85,85,A,1,6,11.7,1,1,2,41.601,1.26882418,6.901,25.53
163,3,IB,88,88,R,3,6.6,20,1,17,12.7,41.601,1.26882418,6.901,25.53
164,3,IB,89,89,A,1,8.7,22.2,1,2,2.9,41.601,1.26882418,6.901,25.53
165,3,IB,92,92,A,1,12.9,24.1,1,41.3,17.4,41.601,1.26882418,6.901,25.53
166,3,IB,93,93,R,3,15.5,23.9,1,5.85,8.7,41.601,1.26882418,6.901,25.53
167,3,IB,94,94,A,1,14.9,20.9,1,31.4,18.8,41.601,1.26882418,6.901,25.53
168,3,IB,95,95,A,1,17.8,23.2,1,34,15.5,41.601,1.26882418,6.901,25.53
169,3,IB,96,96,A,1,18.4,20.9,1,30.3,18.5,41.601,1.26882418,6.901,25.53
170,3,IB,97,97,A,1,18,17.5,1,15.5,14.4,41.601,1.26882418,6.901,25.53
171,3,IB,98,98,A,1,20.1,13,1,3,2.9,41.601,1.26882418,6.901,25.53
172,3,IB,99,99,A,1,17.8,12.6,1,42.9,19.1,41.601,1.26882418,6.901,25.53
173,3,IB,100,100,A,1,21.3,11.4,1,2.6,3.3,41.601,1.26882418,6.901,25.53
174,3,IB,101,101,A,1,21,10.3,1,4,4.6,41.601,1.26882418,6.901,25.53
175,3,IB,102,102,A,1,22.4,10,1,4,4.9,41.601,1.26882418,6.901,25.53
176,3,IB,103,103,A,1,16.9,9.8,1,3,3.5,41.601,1.26882418,6.901,25.53
177,3,IB,104,104,R,3,16.3,10.9,1,6.9,7,41.601,1.26882418,6.901,25.53
178,3,IB,105,105,A,1,11.2,10.2,4,36,NA,41.601,1.26882418,6.901,25.53
179,3,IB,106,106,A,1,11.5,11.8,1,45.5,16.1,41.601,1.26882418,6.901,25.53
180,3,IB,107,107,R,3,11.1,12.6,1,12,13.9,41.601,1.26882418,6.901,25.53
181,3,IB,109,109,A,1,11.7,17.1,1,49,23.2,41.601,1.26882418,6.901,25.53
182,3,IB,110,110,A,1,15.6,16.9,1,2,4.1,41.601,1.26882418,6.901,25.53
183,3,IB,111,111,A,1,13.4,19.6,1,62.3,16,41.601,1.26882418,6.901,25.53
184,3,IB,113,113,R,3,3.3,7.5,1,8.5,11.4,41.601,1.26882418,6.901,25.53
185,3,IB,36B,114,R,3,2.3,4,1,5,8.6,41.601,1.26882418,6.901,25.53
186,8,MF,1,1,A,1,3.3,1.41,1,32.5,18.3,58.624,1.062791042,6.745,27.03
187,8,MF,2,2,A,1,3.95,6.1,1,38.7,23.4,58.624,1.062791042,6.745,27.03
188,8,MF,3,3,A,1,1.9,6.6,1,33.2,18.8,58.624,1.062791042,6.745,27.03
189,8,MF,4,4,A,1,1.3,10.96,2,71.4,18.2,58.624,1.062791042,6.745,27.03
190,8,MF,5,5,A,1,2,18.02,1,26.2,13.3,58.624,1.062791042,6.745,27.03
191,8,MF,6,6,A,1,2.2,24.37,1,22,11.6,58.624,1.062791042,6.745,27.03
192,8,MF,8,8,A,1,11.05,29.49,1,1.2,1.5,58.624,1.062791042,6.745,27.03
193,8,MF,9,9,A,1,13.2,27.02,2,41,11.9,58.624,1.062791042,6.745,27.03
194,8,MF,10,10,A,1,21.3,29.34,1,1.8,3.4,58.624,1.062791042,6.745,27.03
195,8,MF,11,11,A,1,28.6,27.58,1,27.7,19.9,58.624,1.062791042,6.745,27.03
196,8,MF,12,12,A,1,27.35,22.33,2,22,5.9,58.624,1.062791042,6.745,27.03
197,8,MF,13,13,A,1,26.95,20.56,1,25.5,11.2,58.624,1.062791042,6.745,27.03
198,8,MF,14,14,A,1,28.8,20.02,2,28.4,9,58.624,1.062791042,6.745,27.03
199,8,MF,15,15,A,1,27.95,19.05,1,32.3,21.7,58.624,1.062791042,6.745,27.03
200,8,MF,16,16,A,1,29.2,15.43,1,30,15.4,58.624,1.062791042,6.745,27.03
201,8,MF,17,17,A,1,28.75,7.4,2,47,16.4,58.624,1.062791042,6.745,27.03
202,8,MF,18,18,A,1,25.05,0.69,1,28.2,10.5,58.624,1.062791042,6.745,27.03
203,8,MF,19,19,A,1,19.9,0.73,1,30,16.4,58.624,1.062791042,6.745,27.03
204,8,MF,20,20,A,1,19.55,2.14,1,17.7,9.6,58.624,1.062791042,6.745,27.03
205,8,MF,21,21,A,1,17.4,2.53,1,14.7,8.1,58.624,1.062791042,6.745,27.03
206,8,MF,22,22,A,1,14.55,0.69,1,29,15.3,58.624,1.062791042,6.745,27.03
207,8,MF,23,23,A,1,5.5,5.99,1,30.3,12,58.624,1.062791042,6.745,27.03
208,8,MF,24,24,A,1,6.55,5.69,1,18.4,7.6,58.624,1.062791042,6.745,27.03
209,8,MF,25,25,A,1,12.1,22.56,1,20.5,11,58.624,1.062791042,6.745,27.03
210,8,MF,26,26,A,1,14.3,24.6,1,46.6,21.4,58.624,1.062791042,6.745,27.03
211,8,MF,27,27,A,1,16,24.95,1,18.3,14.8,58.624,1.062791042,6.745,27.03
212,8,MF,28,28,A,1,17.15,26.67,1,13.6,7.1,58.624,1.062791042,6.745,27.03
213,8,MF,29,29,A,1,18.25,26.17,1,13.7,8.8,58.624,1.062791042,6.745,27.03
214,8,MF,30,30,A,1,23.6,21.71,1,21.4,13.8,58.624,1.062791042,6.745,27.03
215,8,MF,31,31,A,1,24.35,20.37,2,58.1,19.1,58.624,1.062791042,6.745,27.03
216,8,MF,32,32,A,1,24.1,17.61,1,14.2,4.7,58.624,1.062791042,6.745,27.03
217,8,MF,33,33,A,1,19.95,11.49,1,11,3.1,58.624,1.062791042,6.745,27.03
218,8,MF,34,34,A,1,22.65,5.08,1,17.1,10.7,58.624,1.062791042,6.745,27.03
219,8,MF,35,35,A,1,20,3.94,1,29.6,15.8,58.624,1.062791042,6.745,27.03
220,8,MF,36,36,A,1,12.9,12.09,2,44.7,11.2,58.624,1.062791042,6.745,27.03
221,8,MF,37,37,A,1,12.45,15.85,1,26.9,9.9,58.624,1.062791042,6.745,27.03
222,8,MF,38,38,A,1,14.9,18.3,1,24,13.9,58.624,1.062791042,6.745,27.03
223,8,MF,39,39,A,1,18.6,22.98,3,61.1,14.6,58.624,1.062791042,6.745,27.03
224,8,MF,40,40,A,1,17.5,18.05,1,9.4,6,58.624,1.062791042,6.745,27.03
225,8,MF,41,41,A,1,18.75,12.83,1,30,11.1,58.624,1.062791042,6.745,27.03
226,8,MF,42,42,A,1,19.1,8.38,1,22.3,10.8,58.624,1.062791042,6.745,27.03
227,8,MF,43,43,A,1,19.5,7.14,1,15.7,7.8,58.624,1.062791042,6.745,27.03
228,8,MF,44,44,A,1,24.5,16.99,1,16.6,10.2,58.624,1.062791042,6.745,27.03
229,9,MF,1,1,A,1,2.2,7.56,1,22,14.5,45.065,2.411017627,7.069,24.9
230,9,MF,2,2,A,1,1.75,8.55,1,15.35,8.3,45.065,2.411017627,7.069,24.9
231,9,MF,3,3,A,1,1.7,10.17,1,11.4,9.7,45.065,2.411017627,7.069,24.9
232,9,MF,5,5,A,1,0.65,17.41,1,21.9,14.1,45.065,2.411017627,7.069,24.9
233,9,MF,6,6,L,2,1.45,29.99,2,34.7,12,45.065,2.411017627,7.069,24.9
234,9,MF,7,7,R,3,4.85,28.84,1,7.4,8.8,45.065,2.411017627,7.069,24.9
235,9,MF,8,8,R,3,5.2,27.61,1,4.4,6.1,45.065,2.411017627,7.069,24.9
236,9,MF,9,9,A,1,8.85,29.98,1,34.8,17.3,45.065,2.411017627,7.069,24.9
237,9,MF,10,10,R,3,10.25,27.98,1,5.5,8,45.065,2.411017627,7.069,24.9
238,9,MF,11,11,R,3,15.2,27.65,1,4.25,6.9,45.065,2.411017627,7.069,24.9
239,9,MF,12,12,A,1,16.65,29.05,1,30,21.4,45.065,2.411017627,7.069,24.9
240,9,MF,13,13,R,3,16.5,26.4,1,5.2,8.4,45.065,2.411017627,7.069,24.9
241,9,MF,14,14,R,3,16.85,27.05,1,3.1,3.7,45.065,2.411017627,7.069,24.9
242,9,MF,15,15,R,3,19.15,27.56,1,5,6.6,45.065,2.411017627,7.069,24.9
243,9,MF,16,16,R,3,19.4,29.42,1,1.6,2.8,45.065,2.411017627,7.069,24.9
244,9,MF,17,17,R,3,23.6,29.36,1,6.1,9.2,45.065,2.411017627,7.069,24.9
245,9,MF,18,18,A,1,25.45,29.51,1,23.3,21.3,45.065,2.411017627,7.069,24.9
246,9,MF,19,19,A,1,28.65,29.16,1,11.4,12,45.065,2.411017627,7.069,24.9
247,9,MF,21,21,R,3,29.4,20.76,1,1.2,2,45.065,2.411017627,7.069,24.9
248,9,MF,23,23,A,1,26.95,18.82,1,25.7,14.8,45.065,2.411017627,7.069,24.9
249,9,MF,24,24,A,1,28.75,13.46,1,24.4,9.9,45.065,2.411017627,7.069,24.9
250,9,MF,25,25,R,3,29.9,12.95,1,2.1,2.3,45.065,2.411017627,7.069,24.9
251,9,MF,26,26,R,3,28.5,11.8,1,1.1,1.65,45.065,2.411017627,7.069,24.9
252,9,MF,27,27,A,1,29.1,8.61,1,25,16.5,45.065,2.411017627,7.069,24.9
253,9,MF,28,28,R,3,28.65,7.87,1,1,1.51,45.065,2.411017627,7.069,24.9
254,9,MF,29,29,R,3,29.8,6.94,1,3.8,4.8,45.065,2.411017627,7.069,24.9
255,9,MF,30,30,R,3,28.6,3.97,1,3.6,3.6,45.065,2.411017627,7.069,24.9
256,9,MF,31,31,A,1,27.3,4.39,1,15,17.4,45.065,2.411017627,7.069,24.9
257,9,MF,32,32,A,1,26.55,2.77,2,43.8,11.3,45.065,2.411017627,7.069,24.9
258,9,MF,33,33,R,3,23.1,4.11,1,3.4,4.7,45.065,2.411017627,7.069,24.9
259,9,MF,34,34,A,1,22.55,0.18,1,22,22.5,45.065,2.411017627,7.069,24.9
260,9,MF,35,35,A,1,12.55,2.44,1,28,15.4,45.065,2.411017627,7.069,24.9
261,9,MF,36,36,A,1,11.85,0.8,3,66.6,16,45.065,2.411017627,7.069,24.9
262,9,MF,37,37,A,1,10.55,1.06,1,28.5,8.9,45.065,2.411017627,7.069,24.9
263,9,MF,38,38,A,1,9.15,3.94,2,72.2,19.8,45.065,2.411017627,7.069,24.9
264,9,MF,39,39,A,1,4.25,8.17,1,20.3,13.4,45.065,2.411017627,7.069,24.9
265,9,MF,40,40,A,1,3.75,13.11,1,12.5,7.5,45.065,2.411017627,7.069,24.9
266,9,MF,41,41,A,1,4.75,13.25,1,35.5,17.7,45.065,2.411017627,7.069,24.9
267,9,MF,43,43,A,1,5.25,15.85,1,27.4,20.2,45.065,2.411017627,7.069,24.9
268,9,MF,44,44,R,3,3.25,20.76,1,6.5,8.1,45.065,2.411017627,7.069,24.9
269,9,MF,45,45,R,3,5.05,22.62,1,1.9,2.2,45.065,2.411017627,7.069,24.9
270,9,MF,46,46,R,3,5.2,23.61,1,2,2.8,45.065,2.411017627,7.069,24.9
271,9,MF,47,47,A,1,7.5,26.33,2,79.3,23,45.065,2.411017627,7.069,24.9
272,9,MF,48,48,A,1,14.5,26.12,2,62.6,25.9,45.065,2.411017627,7.069,24.9
273,9,MF,49,49,A,1,20.05,23.98,1,27.25,15.9,45.065,2.411017627,7.069,24.9
274,9,MF,50,50,R,3,29.95,25.14,1,7.2,7.8,45.065,2.411017627,7.069,24.9
275,9,MF,51,51,R,3,22.55,26.1,1,1.1,1.75,45.065,2.411017627,7.069,24.9
276,9,MF,52,52,R,3,25.3,25.1,1,9,11.3,45.065,2.411017627,7.069,24.9
277,9,MF,53,53,A,1,24.65,24.17,1,19.65,8.3,45.065,2.411017627,7.069,24.9
278,9,MF,54,54,R,3,26.9,23.73,1,9,10.3,45.065,2.411017627,7.069,24.9
279,9,MF,55,55,A,1,26,22.09,2,50.1,16.9,45.065,2.411017627,7.069,24.9
280,9,MF,56,56,R,3,25.7,19.29,1,9,11.2,45.065,2.411017627,7.069,24.9
281,9,MF,57,57,A,1,25.55,17.44,1,44.65,23.6,45.065,2.411017627,7.069,24.9
282,9,MF,58,58,A,1,25.8,15.68,1,10,11.7,45.065,2.411017627,7.069,24.9
283,9,MF,59,59,A,1,28.85,14.31,1,5.9,4.1,45.065,2.411017627,7.069,24.9
284,9,MF,60,60,A,1,26.2,13.27,1,26.5,18.4,45.065,2.411017627,7.069,24.9
285,9,MF,61,61,A,1,22.9,12.09,1,34.1,21.3,45.065,2.411017627,7.069,24.9
286,9,MF,62,62,A,1,24.05,11.43,1,5,5,45.065,2.411017627,7.069,24.9
287,9,MF,63,63,A,1,23.1,10.59,1,26.6,14,45.065,2.411017627,7.069,24.9
288,9,MF,64,64,A,1,25.5,10.34,2,24.9,9.6,45.065,2.411017627,7.069,24.9
289,9,MF,65,65,A,1,23.9,7.75,1,22.4,13.1,45.065,2.411017627,7.069,24.9
290,9,MF,66,66,A,1,23,6.99,1,25.6,18.2,45.065,2.411017627,7.069,24.9
291,9,MF,67,67,A,1,22.25,5.65,2,43.85,23.4,45.065,2.411017627,7.069,24.9
292,9,MF,68,68,A,1,20.05,8.32,1,31.5,23.7,45.065,2.411017627,7.069,24.9
293,9,MF,69,69,A,1,7.95,11.95,1,37.7,17.5,45.065,2.411017627,7.069,24.9
294,9,MF,70,70,A,1,9.65,13.95,1,21.8,16.3,45.065,2.411017627,7.069,24.9
295,9,MF,71,71,R,3,7.65,16.31,2,3.6,3.6,45.065,2.411017627,7.069,24.9
296,9,MF,72,72,A,1,7.8,20.16,1,25,9.9,45.065,2.411017627,7.069,24.9
297,9,MF,73,73,R,3,16.35,19.22,1,1.3,1.21,45.065,2.411017627,7.069,24.9
298,9,MF,75,75,A,1,19.7,20.38,1,17.5,13.9,45.065,2.411017627,7.069,24.9
299,9,MF,76,76,R,3,20.9,22.29,1,2.4,3.7,45.065,2.411017627,7.069,24.9
300,9,MF,77,77,A,1,20.95,18.44,1,51.45,27.1,45.065,2.411017627,7.069,24.9
301,9,MF,78,78,A,1,16.7,16.08,1,25.3,27.9,45.065,2.411017627,7.069,24.9
302,9,MF,79,79,A,1,12.95,12.79,1,28.9,17,45.065,2.411017627,7.069,24.9
303,9,MF,81,81,A,1,11.35,16.66,1,21.2,21.5,45.065,2.411017627,7.069,24.9
304,9,MF,82,82,R,3,12.05,16.19,1,4.5,5.8,45.065,2.411017627,7.069,24.9
305,9,MF,84,84,R,3,29.5,9.52,1,7.4,9,45.065,2.411017627,7.069,24.9
306,10,MF,1,1,A,1,7.85,2.75,1,6.6,3.8,46.898,1.302122575,6.496,25.36
307,10,MF,2,2,A,1,5.9,5.99,1,12.6,7.9,46.898,1.302122575,6.496,25.36
308,10,MF,3,3,A,1,5.7,10.81,1,43.5,19.6,46.898,1.302122575,6.496,25.36
309,10,MF,4,4,A,1,2.5,14.47,1,30,10.8,46.898,1.302122575,6.496,25.36
310,10,MF,5,5,A,1,0.65,20.7,2,64,19.9,46.898,1.302122575,6.496,25.36
311,10,MF,6,6,A,1,2.7,21.2,2,49.6,18,46.898,1.302122575,6.496,25.36
312,10,MF,8,8,A,1,7.7,27.86,1,7.8,5.6,46.898,1.302122575,6.496,25.36
313,10,MF,9,9,A,1,10.95,29.53,1,10.9,5,46.898,1.302122575,6.496,25.36
314,10,MF,10,10,A,1,19.9,29.27,1,41,21,46.898,1.302122575,6.496,25.36
315,10,MF,11,11,A,1,20.55,26.01,1,8.1,2.2,46.898,1.302122575,6.496,25.36
316,10,MF,12,12,A,1,26.2,24.25,1,40.45,17.2,46.898,1.302122575,6.496,25.36
317,10,MF,14,14,A,1,29.15,24.33,1,10,7.4,46.898,1.302122575,6.496,25.36
318,10,MF,15,15,A,1,27.8,20,1,7.1,3.6,46.898,1.302122575,6.496,25.36
319,10,MF,16,16,A,1,25.85,20.2,1,40.7,11.8,46.898,1.302122575,6.496,25.36
320,10,MF,18,18,A,1,27.3,13.7,1,26,10.3,46.898,1.302122575,6.496,25.36
321,10,MF,19,19,R,3,28.65,12.11,1,7.3,6.4,46.898,1.302122575,6.496,25.36
322,10,MF,20,20,A,1,27.65,9.21,1,14,12.6,46.898,1.302122575,6.496,25.36
323,10,MF,21,21,A,1,26.6,7.5,1,42.1,16.9,46.898,1.302122575,6.496,25.36
324,10,MF,22,22,A,1,29.75,5.09,1,31.5,15.2,46.898,1.302122575,6.496,25.36
325,10,MF,23,23,A,1,18.85,2.42,1,28.6,13.4,46.898,1.302122575,6.496,25.36
326,10,MF,24,24,A,1,19.1,4.44,1,8.6,6.9,46.898,1.302122575,6.496,25.36
327,10,MF,25,25,A,1,17.2,1.99,1,27.1,10,46.898,1.302122575,6.496,25.36
328,10,MF,26,26,A,1,16.4,3.51,1,4.3,1.7,46.898,1.302122575,6.496,25.36
329,10,MF,27,27,A,1,13.8,3.33,1,33.3,20.3,46.898,1.302122575,6.496,25.36
330,10,MF,28,28,A,1,13.2,2.75,1,35,14.3,46.898,1.302122575,6.496,25.36
331,10,MF,29,29,A,1,12.8,0.87,1,2.7,2.7,46.898,1.302122575,6.496,25.36
332,10,MF,30,30,A,1,10.05,5.88,1,8.9,5.3,46.898,1.302122575,6.496,25.36
333,10,MF,31,31,A,1,8.8,10.67,1,8.5,6.2,46.898,1.302122575,6.496,25.36
334,10,MF,32,32,A,1,8,18.25,1,7.5,6.5,46.898,1.302122575,6.496,25.36
335,10,MF,33,33,A,1,11.3,19.97,1,11.4,6.5,46.898,1.302122575,6.496,25.36
336,10,MF,34,34,A,1,9.1,22.45,1,9.5,6.5,46.898,1.302122575,6.496,25.36
337,10,MF,35,35,A,1,16.6,21.27,1,35.95,16.5,46.898,1.302122575,6.496,25.36
338,10,MF,36,36,A,1,21.6,19.33,1,42.25,11.9,46.898,1.302122575,6.496,25.36
339,10,MF,37,37,A,1,23.15,16.55,1,38.25,21.5,46.898,1.302122575,6.496,25.36
340,10,MF,38,38,A,1,18.45,12.64,1,39.7,14.5,46.898,1.302122575,6.496,25.36
341,10,MF,39,39,A,1,17.3,11.09,1,6,4.9,46.898,1.302122575,6.496,25.36
342,10,MF,40,40,A,1,15.15,11.92,1,17,5.2,46.898,1.302122575,6.496,25.36
343,10,MF,41,41,A,1,3.7,1.56,1,5.5,4.7,46.898,1.302122575,6.496,25.36
344,12,MF,1,1,A,1,30.16,22.4,3,52.6,11.1,56.172,0.749114944,7.19,26.65
345,12,MF,2,2,A,1,27.38,19.26,1,14.8,12.7,56.172,0.749114944,7.19,26.65
346,12,MF,3,3,A,1,26.33,13.41,3,103.35,16,56.172,0.749114944,7.19,26.65
347,12,MF,5,5,A,1,29.26,7.42,1,21.96,14.1,56.172,0.749114944,7.19,26.65
348,12,MF,6,6,A,1,29.61,6.22,1,26.7,15,56.172,0.749114944,7.19,26.65
349,12,MF,7,7,A,1,27.57,5.87,1,15.7,14.2,56.172,0.749114944,7.19,26.65
350,12,MF,8,8,A,1,28.36,4.56,1,7,5.4,56.172,0.749114944,7.19,26.65
351,12,MF,9,9,A,1,29.58,1.41,1,2.2,2,56.172,0.749114944,7.19,26.65
352,12,MF,10,10,A,1,29.58,1.41,2,38.45,15.2,56.172,0.749114944,7.19,26.65
353,12,MF,12,12,A,1,24.84,0.94,2,39.4,14.1,56.172,0.749114944,7.19,26.65
354,12,MF,17,17,A,1,17.42,1.3,1,13.8,9.9,56.172,0.749114944,7.19,26.65
355,12,MF,19,19,A,1,12.92,1.88,1,17.2,8.3,56.172,0.749114944,7.19,26.65
356,12,MF,22,22,A,1,7.5,2.99,1,15,12.8,56.172,0.749114944,7.19,26.65
357,12,MF,24,24,A,1,4.08,2.44,2,43.3,14.1,56.172,0.749114944,7.19,26.65
358,12,MF,27,27,A,1,2.34,0.94,1,14.3,7,56.172,0.749114944,7.19,26.65
359,12,MF,28,28,A,1,1.43,2.34,1,17.8,9.7,56.172,0.749114944,7.19,26.65
360,12,MF,29,29,A,1,0.37,4.76,1,15.3,9.9,56.172,0.749114944,7.19,26.65
361,12,MF,31,31,A,1,0.49,10,2,21.31,6.6,56.172,0.749114944,7.19,26.65
362,12,MF,32,32,A,1,2.03,13.87,5,85.7,12.3,56.172,0.749114944,7.19,26.65
363,12,MF,33,33,A,1,0.43,17.05,1,9.8,5.7,56.172,0.749114944,7.19,26.65
364,12,MF,34,34,A,1,2.32,17.24,2,35,9.9,56.172,0.749114944,7.19,26.65
365,12,MF,35,35,A,1,0.01,19.59,1,19.95,12.3,56.172,0.749114944,7.19,26.65
366,12,MF,36,36,A,1,2.24,21.5,1,3.2,3.5,56.172,0.749114944,7.19,26.65
367,12,MF,37,37,A,1,0.63,27.49,1,15.5,14.5,56.172,0.749114944,7.19,26.65
368,12,MF,38,38,A,1,3.94,28.66,4,58.9,13.2,56.172,0.749114944,7.19,26.65
369,12,MF,39,39,A,1,5.98,27.42,1,15.15,6.9,56.172,0.749114944,7.19,26.65
370,12,MF,40,40,A,1,7.31,28.31,1,6.8,8.2,56.172,0.749114944,7.19,26.65
371,12,MF,41,41,A,1,7.2,29.06,1,3.6,2,56.172,0.749114944,7.19,26.65
372,12,MF,43,43,A,1,8.16,29.67,1,6.7,7.6,56.172,0.749114944,7.19,26.65
373,12,MF,44,44,A,1,8.78,29.65,1,15.1,7.9,56.172,0.749114944,7.19,26.65
374,12,MF,45,45,A,1,8.25,27.18,1,22.4,10,56.172,0.749114944,7.19,26.65
375,12,MF,45B,49,A,1,12.14,26.48,1,14.8,7.2,56.172,0.749114944,7.19,26.65
376,12,MF,46,46,A,1,12.55,27.62,1,26.35,10.5,56.172,0.749114944,7.19,26.65
377,12,MF,47,47,A,1,13.76,26.83,1,19.1,9.9,56.172,0.749114944,7.19,26.65
378,12,MF,48,48,A,1,17.48,26.67,1,12.5,9.5,56.172,0.749114944,7.19,26.65
379,12,MF,50,50,A,1,20.2,25.2,1,13.8,7,56.172,0.749114944,7.19,26.65
380,12,MF,51,51,A,1,21.27,29.09,2,26.5,6.5,56.172,0.749114944,7.19,26.65
381,12,MF,52,52,A,1,22.69,24.84,1,19.2,9.7,56.172,0.749114944,7.19,26.65
382,12,MF,53,53,A,1,23.77,24.09,2,38.9,8.3,56.172,0.749114944,7.19,26.65
383,12,MF,54,54,A,1,25.03,20.79,2,42.6,15.3,56.172,0.749114944,7.19,26.65
384,12,MF,55,55,A,1,22.88,19.55,2,50.1,16.9,56.172,0.749114944,7.19,26.65
385,12,MF,57,57,A,1,26.6,7.4,1,2.1,1.65,56.172,0.749114944,7.19,26.65
386,12,MF,58,58,A,1,24.17,4.81,1,16.4,11.3,56.172,0.749114944,7.19,26.65
387,12,MF,59,59,A,1,23.61,5.09,1,5.9,4.1,56.172,0.749114944,7.19,26.65
388,12,MF,60,60,A,1,22.68,5.17,2,28.9,12.1,56.172,0.749114944,7.19,26.65
389,12,MF,62,62,A,1,20.16,4.42,2,54.9,12.8,56.172,0.749114944,7.19,26.65
390,12,MF,63,63,A,1,19.61,4.13,1,12.2,9.3,56.172,0.749114944,7.19,26.65
391,12,MF,64,64,A,1,16.01,5.4,2,30,13.2,56.172,0.749114944,7.19,26.65
392,12,MF,65,65,A,1,14.56,6.69,1,16.6,9.7,56.172,0.749114944,7.19,26.65
393,12,MF,66,66,A,1,11.78,3.75,2,16.4,6.6,56.172,0.749114944,7.19,26.65
394,12,MF,67,67,A,1,10.11,6.53,2,38.4,14.5,56.172,0.749114944,7.19,26.65
395,12,MF,69,69,A,1,6.09,4.75,1,8,7.2,56.172,0.749114944,7.19,26.65
396,12,MF,70,70,A,1,4.88,8.68,1,15.4,11,56.172,0.749114944,7.19,26.65
397,12,MF,71,71,A,1,4.2,9.73,1,11.1,8.1,56.172,0.749114944,7.19,26.65
398,12,MF,72,72,A,1,4.06,10.35,1,10.3,10.2,56.172,0.749114944,7.19,26.65
399,12,MF,73,73,A,1,5.56,12.99,1,12.6,11.1,56.172,0.749114944,7.19,26.65
400,12,MF,74,74,A,1,5.95,21.11,1,21.35,11.2,56.172,0.749114944,7.19,26.65
401,12,MF,75,75,A,1,7.53,22.73,1,10.4,4.2,56.172,0.749114944,7.19,26.65
402,12,MF,82,82,A,1,17.73,20.36,1,22.5,14.2,56.172,0.749114944,7.19,26.65
403,12,MF,83,83,A,1,19.95,18.09,1,15.8,13.5,56.172,0.749114944,7.19,26.65
404,12,MF,84,84,A,1,20.46,13.64,1,32.3,12.1,56.172,0.749114944,7.19,26.65
405,12,MF,85,85,A,1,20,8.12,1,13.7,8.1,56.172,0.749114944,7.19,26.65
406,12,MF,87,87,A,1,17.8,7.7,1,14.5,12.5,56.172,0.749114944,7.19,26.65
407,12,MF,88,88,A,1,14.9,9.42,1,11.1,5.6,56.172,0.749114944,7.19,26.65
408,12,MF,89,89,A,1,9.06,9.26,1,7,4.1,56.172,0.749114944,7.19,26.65
409,12,MF,90,90,A,1,10.51,12.81,1,20.1,13.6,56.172,0.749114944,7.19,26.65
410,12,MF,91,91,A,1,9.75,14.36,1,17,17,56.172,0.749114944,7.19,26.65
411,12,MF,92,92,A,1,11.23,14.8,2,3.3,2.6,56.172,0.749114944,7.19,26.65
412,12,MF,93,93,A,1,11.38,15.84,1,18.1,8.6,56.172,0.749114944,7.19,26.65
413,12,MF,94,94,A,1,10.88,18.22,1,23.5,14,56.172,0.749114944,7.19,26.65
414,12,MF,95,95,A,1,9.68,18.59,NA,9.3,11.6,56.172,0.749114944,7.19,26.65
415,12,MF,97,97,A,1,13.23,17.83,1,11.9,10.5,56.172,0.749114944,7.19,26.65
416,12,MF,99,99,A,1,14.44,19.57,1,67.1,15.2,56.172,0.749114944,7.19,26.65
417,12,MF,100,100,A,1,15.58,17.01,1,12.1,11.7,56.172,0.749114944,7.19,26.65
418,12,MF,101,101,A,1,17.18,17.34,1,15,14,56.172,0.749114944,7.19,26.65
419,12,MF,102,102,A,1,17.73,15.29,1,13.4,9.7,56.172,0.749114944,7.19,26.65
420,12,MF,103,103,A,1,16.64,14.06,1,22.7,9.8,56.172,0.749114944,7.19,26.65
421,12,MF,105,105,A,1,18.88,11.96,1,19,9.7,56.172,0.749114944,7.19,26.65
422,12,MF,70B,106,A,1,7.26,8.73,1,18.15,9,56.172,0.749114944,7.19,26.65
423,12,MF,89B,107,A,1,8.68,9.5,1,5,4.6,56.172,0.749114944,7.19,26.65
424,12,MF,M5,108,A,1,11.51,2.84,1,29.3,4.3,56.172,0.749114944,7.19,26.65
425,13,MF,1,1,A,1,4.89,1.58,2,50.45,15,58.068,0.859943719,7.031,26.89
426,13,MF,2,2,A,1,1.89,5.82,1,20.45,13.6,58.068,0.859943719,7.031,26.89
427,13,MF,3,3,A,1,1.66,7.3,1,19.7,12.4,58.068,0.859943719,7.031,26.89
428,13,MF,4,4,A,1,3.12,9.71,2,21.85,11,58.068,0.859943719,7.031,26.89
429,13,MF,5,5,A,1,4.84,9.82,1,29,19,58.068,0.859943719,7.031,26.89
430,13,MF,6,6,A,1,5.79,11.09,1,15.45,9,58.068,0.859943719,7.031,26.89
431,13,MF,7,7,A,1,0.82,12.5,1,20.85,15.8,58.068,0.859943719,7.031,26.89
432,13,MF,8,8,A,1,7.99,9.52,1,20.3,15,58.068,0.859943719,7.031,26.89
433,13,MF,9,9,A,1,6.83,7.64,1,25.8,14,58.068,0.859943719,7.031,26.89
434,13,MF,10,10,A,1,8.3,5.78,1,16.9,10.4,58.068,0.859943719,7.031,26.89
435,13,MF,11,11,A,1,11.2,2.57,2,53.3,14.5,58.068,0.859943719,7.031,26.89
436,13,MF,12,12,A,1,12.14,6.68,1,22.75,13.6,58.068,0.859943719,7.031,26.89
437,13,MF,13,13,A,1,11.67,10.41,1,18.95,15,58.068,0.859943719,7.031,26.89
438,13,MF,14,14,A,1,12.49,13.55,1,33.55,17.8,58.068,0.859943719,7.031,26.89
439,13,MF,15,15,A,1,15.1,12.25,1,22.95,11.2,58.068,0.859943719,7.031,26.89
440,13,MF,16,16,A,1,14.08,11.31,1,18.5,11,58.068,0.859943719,7.031,26.89
441,13,MF,17,17,A,1,15.14,7.1,1,25.9,14.4,58.068,0.859943719,7.031,26.89
442,13,MF,18,18,A,1,15.32,5.91,1,23.2,10.6,58.068,0.859943719,7.031,26.89
443,13,MF,19,19,A,1,15.63,3.02,2,47.6,14.15,58.068,0.859943719,7.031,26.89
444,13,MF,20,20,A,1,15.65,2.62,1,16.65,9,58.068,0.859943719,7.031,26.89
445,13,MF,21,21,A,1,18.01,1.94,1,18.5,12,58.068,0.859943719,7.031,26.89
446,13,MF,22,22,A,1,20.45,2.76,1,22.4,14,58.068,0.859943719,7.031,26.89
447,13,MF,23,23,A,1,25.72,6,1,30.15,14,58.068,0.859943719,7.031,26.89
448,13,MF,24,24,A,1,24.16,9.28,1,39,14.4,58.068,0.859943719,7.031,26.89
449,13,MF,25,25,A,1,27.95,13.87,2,33.7,12.4,58.068,0.859943719,7.031,26.89
450,13,MF,26,26,A,1,23.29,15.29,1,28.75,10,58.068,0.859943719,7.031,26.89
451,13,MF,27,27,A,1,20.88,14.49,1,10.3,7.4,58.068,0.859943719,7.031,26.89
452,13,MF,28,28,A,1,19.52,11.21,1,29.485,13.8,58.068,0.859943719,7.031,26.89
453,13,MF,29,29,A,1,15.95,14.05,1,21.65,10.2,58.068,0.859943719,7.031,26.89
454,13,MF,30,30,A,1,16.66,15.35,1,25.5,10.6,58.068,0.859943719,7.031,26.89
455,13,MF,31,31,A,1,15,17.75,1,20,10,58.068,0.859943719,7.031,26.89
456,13,MF,32,32,A,1,16.94,22.24,1,24.15,14.8,58.068,0.859943719,7.031,26.89
457,13,MF,33,33,A,1,18.91,22.21,2,44.5,11.6,58.068,0.859943719,7.031,26.89
458,13,MF,34,34,A,1,22.79,16.8,1,28.85,13.6,58.068,0.859943719,7.031,26.89
459,13,MF,35,35,A,1,25.71,18.9,1,17,9,58.068,0.859943719,7.031,26.89
460,13,MF,36,36,A,1,24.5,22.97,1,26.25,11,58.068,0.859943719,7.031,26.89
461,13,MF,37,37,A,1,27.56,25.54,1,20.55,10.4,58.068,0.859943719,7.031,26.89
462,13,MF,38,38,A,1,23.46,26.65,1,12.5,10.5,58.068,0.859943719,7.031,26.89
463,13,MF,39,39,A,1,23.61,27.77,1,14,7.2,58.068,0.859943719,7.031,26.89
464,13,MF,40,40,A,1,24.98,29.25,1,17.95,10,58.068,0.859943719,7.031,26.89
465,13,MF,41,41,A,1,22.35,28.53,1,24.65,12.6,58.068,0.859943719,7.031,26.89
466,13,MF,42,42,A,1,20.82,25.95,1,25.3,9.6,58.068,0.859943719,7.031,26.89
467,13,MF,43,43,A,1,16.63,28.3,2,43.7,15.4,58.068,0.859943719,7.031,26.89
468,13,MF,44,44,A,1,16.31,29.94,1,29.5,15.8,58.068,0.859943719,7.031,26.89
469,13,MF,45,45,A,1,29.5,14.8,1,9.6,3.8,58.068,0.859943719,7.031,26.89
470,13,MF,46,46,A,1,13.02,26.23,1,24.25,13.2,58.068,0.859943719,7.031,26.89
471,13,MF,47,47,A,1,9.17,27.51,1,21.75,12.5,58.068,0.859943719,7.031,26.89
472,13,MF,48,48,A,1,10.75,22.36,2,25.3,9.4,58.068,0.859943719,7.031,26.89
473,13,MF,49,49,A,1,4.44,23.25,1,30.2,16.8,58.068,0.859943719,7.031,26.89
474,13,MF,50,50,A,1,0.66,27.47,1,23.25,12,58.068,0.859943719,7.031,26.89
475,13,MF,51,51,A,1,0.26,25.32,1,20.2,11.4,58.068,0.859943719,7.031,26.89
476,13,MF,52,52,A,1,-0.74,23.73,1,16.2,11,58.068,0.859943719,7.031,26.89
477,13,MF,53,53,A,1,2.76,21.79,1,25.65,16.2,58.068,0.859943719,7.031,26.89
478,13,MF,54,54,A,1,2.86,20.66,1,20.25,12,58.068,0.859943719,7.031,26.89
479,13,MF,55,55,A,1,3.95,19.69,1,19,9.6,58.068,0.859943719,7.031,26.89
480,13,MF,56,56,A,1,6.84,15.86,1,47.1,19,58.068,0.859943719,7.031,26.89
481,13,MF,57,57,A,1,28.4,23.37,1,15.5,6,58.068,0.859943719,7.031,26.89
482,13,MF,58,58,A,1,16.17,28.35,1,32.5,13.2,58.068,0.859943719,7.031,26.89